[{"model": "app.manager", "pk": 3, "fields": {"name": "dasfasdfsadfsadf", "n_id": "43243243243242", "address": "fdsafdsafsadf", "phone": "432432423432", "home_number": "324324324234", "salary": "4324.00"}}, {"model": "app.manager", "pk": 5, "fields": {"name": "Abdalrahman Hossam Eldin Mohamed", "n_id": "56546546456546", "address": "7 Abn Fernas street -Fleming", "phone": "01281870665", "home_number": "456456546456", "salary": null}}, {"model": "app.teacher", "pk": 1, "fields": {"name": "اول محفظ", "n_id": "54664894778974", "address": "للالبابلابلا", "phone": "012645498456", "home_number": "162489789456"}}, {"model": "app.teacher", "pk": 2, "fields": {"name": "Abdalrahman Hossam Eldin Mohamed", "n_id": "12345678912314", "address": "7 Abn Fernas street -Fleming", "phone": "01281870665", "home_number": "890980890890"}}, {"model": "app.teacher", "pk": 3, "fields": {"name": "jjgfgdfsgdfs", "n_id": "45354325132541", "address": "5gsdfsgfdshfsh", "phone": "445654634634", "home_number": "634654654645"}}, {"model": "app.teacher", "pk": 4, "fields": {"name": "hggfhdgjgfdhdreyer", "n_id": "65463635345254", "address": "5gsdfhgfshfshfd", "phone": "534534534534", "home_number": "435253465464"}}, {"model": "app.teacher", "pk": 5, "fields": {"name": "534gsdgdfsg", "n_id": "43534534534534", "address": "ter5534534534", "phone": "345345345345", "home_number": "345345345345"}}, {"model": "app.teacher", "pk": 6, "fields": {"name": "ghfhdgfhdfhtryeryryrt", "n_id": "53453453453453", "address": "ydshhrtdyrtyerye", "phone": "453534535435", "home_number": "543454353453"}}, {"model": "app.teacher", "pk": 7, "fields": {"name": "hghfdhfghfdhgf", "n_id": "53345345345435", "address": "hdfhghdfgdfghd", "phone": "534354534535", "home_number": "345345345345"}}, {"model": "app.teacher", "pk": 8, "fields": {"name": "dhfghgfhdhfh", "n_id": "53453453453534", "address": "5353453453534", "phone": "545345345345", "home_number": "535345353454"}}, {"model": "app.teacher", "pk": 9, "fields": {"name": "6Abdalrah7867857856865", "n_id": "75876856786578", "address": "7 Abn Fernas street -Fleming", "phone": "01281870665", "home_number": "578578678678"}}, {"model": "app.teacher", "pk": 10, "fields": {"name": "gjkhjgkhjkgj", "n_id": "75675675675676", "address": "58ityi7856768", "phone": "678657865856", "home_number": "684364563463"}}, {"model": "app.teacher", "pk": 11, "fields": {"name": "jgfjgfjgfjgfjf", "n_id": "75675675677567", "address": "uyjytru5667567", "phone": "756765756765", "home_number": "547575675675"}}, {"model": "app.teacher", "pk": 12, "fields": {"name": "hfhfdhfdgh", "n_id": "54654654654654", "address": "66456456546546", "phone": "546546546546", "home_number": "654646456456"}}, {"model": "app.teacher", "pk": 13, "fields": {"name": "Abdalrahman Hossaljh", "n_id": "65464564565465", "address": "7 Abn Fernas street -Fleming", "phone": "01281870665", "home_number": "546456456546"}}, {"model": "app.room", "pk": 3, "fields": {"name": "ابوبكر"}}, {"model": "app.room", "pk": 4, "fields": {"name": "عمر بن الخطاب"}}, {"model": "app.room", "pk": 5, "fields": {"name": "عبدالرحمن بن عوف"}}, {"model": "app.room", "pk": 6, "fields": {"name": "احمد"}}, {"model": "app.day", "pk": 1, "fields": {"day": "السبت"}}, {"model": "app.day", "pk": 2, "fields": {"day": "الاحد"}}, {"model": "app.day", "pk": 3, "fields": {"day": "الاثنين"}}, {"model": "app.day", "pk": 4, "fields": {"day": "الثلاثاء"}}, {"model": "app.day", "pk": 5, "fields": {"day": "الاربعاء"}}, {"model": "app.day", "pk": 6, "fields": {"day": "الخميس"}}, {"model": "app.day", "pk": 7, "fields": {"day": "الجمعة"}}, {"model": "app.session", "pk": 1, "fields": {"day": 5, "time": "00:00:00", "name": null, "teacher": 1}}, {"model": "app.session", "pk": 6, "fields": {"day": 2, "time": "00:00:00", "name": 4, "teacher": 1}}, {"model": "app.session", "pk": 7, "fields": {"day": 1, "time": "02:00:00", "name": 5, "teacher": 1}}, {"model": "app.session", "pk": 8, "fields": {"day": 1, "time": "05:00:00", "name": 4, "teacher": 1}}, {"model": "app.session", "pk": 9, "fields": {"day": 1, "time": "06:00:00", "name": 5, "teacher": 1}}, {"model": "app.session", "pk": 10, "fields": {"day": 1, "time": "12:00:00", "name": 4, "teacher": 1}}, {"model": "app.session", "pk": 11, "fields": {"day": 3, "time": "20:00:00", "name": 4, "teacher": 4}}, {"model": "app.session", "pk": 12, "fields": {"day": 3, "time": "00:00:00", "name": null, "teacher": 3}}, {"model": "app.session", "pk": 14, "fields": {"day": 4, "time": "00:00:00", "name": 4, "teacher": 1}}, {"model": "app.session", "pk": 15, "fields": {"day": 3, "time": "12:00:00", "name": 5, "teacher": 1}}, {"model": "app.session", "pk": 16, "fields": {"day": 6, "time": "05:00:00", "name": 4, "teacher": 1}}, {"model": "app.session", "pk": 18, "fields": {"day": 3, "time": "10:00:00", "name": 5, "teacher": 12}}, {"model": "app.session", "pk": 19, "fields": {"day": 3, "time": "12:00:00", "name": 5, "teacher": 3}}, {"model": "app.session", "pk": 20, "fields": {"day": 1, "time": "12:23:00", "name": 4, "teacher": 1}}, {"model": "app.session", "pk": 21, "fields": {"day": 1, "time": "23:56:00", "name": 4, "teacher": 2}}, {"model": "app.student", "pk": 1, "fields": {"name": "عبدالله", "n_id": "55555555555555", "address": "سشيسشيشسي12", "phone": "021281871215", "home_number": "123050465456", "teacher": 1}}, {"model": "app.student", "pk": 2, "fields": {"name": "عبدالرحمن", "n_id": "54987897987987", "address": "156سيشبسيشب", "phone": "123414546654", "home_number": "123123456465", "teacher": 2}}, {"model": "app.student", "pk": 3, "fields": {"name": "احمد", "n_id": "54654456456456", "address": "122312345656", "phone": "123123156497", "home_number": "231231231313", "teacher": 1}}, {"model": "app.studentsessions", "pk": 5, "fields": {"student": 1, "session": 10}}, {"model": "app.studentsessions", "pk": 6, "fields": {"student": 1, "session": 9}}, {"model": "app.studentsessions", "pk": 8, "fields": {"student": 2, "session": 6}}, {"model": "app.studentsessions", "pk": 10, "fields": {"student": 3, "session": 9}}, {"model": "app.studentsessions", "pk": 11, "fields": {"student": 3, "session": 1}}, {"model": "app.studentsessions", "pk": 15, "fields": {"student": 3, "session": 12}}, {"model": "app.studentsessions", "pk": 17, "fields": {"student": 1, "session": 15}}, {"model": "app.studentsessions", "pk": 20, "fields": {"student": 2, "session": 1}}, {"model": "app.studentsessions", "pk": 21, "fields": {"student": 3, "session": 7}}, {"model": "app.studentsessions", "pk": 22, "fields": {"student": 1, "session": 14}}, {"model": "app.studentsessions", "pk": 27, "fields": {"student": 2, "session": 14}}, {"model": "app.studentsessions", "pk": 32, "fields": {"student": 1, "session": 1}}, {"model": "app.studentsessions", "pk": 33, "fields": {"student": 1, "session": 16}}, {"model": "app.studentsessions", "pk": 34, "fields": {"student": 2, "session": 16}}, {"model": "reports.sessionreporter", "pk": 50, "fields": {"session": 14, "slug": "", "session_date": "2022-05-24", "report": "", "review_report": ""}}, {"model": "reports.sessionreporter", "pk": 51, "fields": {"session": 1, "slug": "", "session_date": "2022-05-25", "report": "", "review_report": ""}}, {"model": "reports.sessionreporter", "pk": 53, "fields": {"session": 16, "slug": "", "session_date": "2022-05-26", "report": "", "review_report": ""}}, {"model": "reports.studentreporter", "pk": 13, "fields": {"student": 1, "session_report": 50, "attend": "حضور", "money": null}}, {"model": "reports.studentreporter", "pk": 14, "fields": {"student": 2, "session_report": 50, "attend": "لم يتم التحديد", "money": null}}, {"model": "reports.studentreporter", "pk": 21, "fields": {"student": 3, "session_report": 51, "attend": "لم يتم التحديد", "money": null}}, {"model": "reports.studentreporter", "pk": 22, "fields": {"student": 2, "session_report": 51, "attend": "لم يتم التحديد", "money": null}}, {"model": "reports.studentreporter", "pk": 25, "fields": {"student": 1, "session_report": 53, "attend": "لم يتم التحديد", "money": null}}, {"model": "reports.studentreporter", "pk": 26, "fields": {"student": 2, "session_report": 53, "attend": "لم يتم التحديد", "money": null}}, {"model": "admin.logentry", "pk": 1, "fields": {"action_time": "2022-04-05T21:21:38.109Z", "user": 1, "content_type": 1, "object_id": "1", "object_repr": "السبت", "action_flag": 1, "change_message": "[{\"added\": {}}]"}}, {"model": "admin.logentry", "pk": 2, "fields": {"action_time": "2022-04-05T21:21:42.923Z", "user": 1, "content_type": 1, "object_id": "2", "object_repr": "الاحد", "action_flag": 1, "change_message": "[{\"added\": {}}]"}}, {"model": "admin.logentry", "pk": 3, "fields": {"action_time": "2022-04-05T21:21:49.365Z", "user": 1, "content_type": 1, "object_id": "3", "object_repr": "الاثنين", "action_flag": 1, "change_message": "[{\"added\": {}}]"}}, {"model": "admin.logentry", "pk": 4, "fields": {"action_time": "2022-04-05T21:21:52.120Z", "user": 1, "content_type": 1, "object_id": "4", "object_repr": "الثلاثاء", "action_flag": 1, "change_message": "[{\"added\": {}}]"}}, {"model": "admin.logentry", "pk": 5, "fields": {"action_time": "2022-04-05T21:21:54.253Z", "user": 1, "content_type": 1, "object_id": "5", "object_repr": "الاربعاء", "action_flag": 1, "change_message": "[{\"added\": {}}]"}}, {"model": "admin.logentry", "pk": 6, "fields": {"action_time": "2022-04-05T21:21:56.429Z", "user": 1, "content_type": 1, "object_id": "6", "object_repr": "الخميس", "action_flag": 1, "change_message": "[{\"added\": {}}]"}}, {"model": "admin.logentry", "pk": 7, "fields": {"action_time": "2022-04-05T21:22:05.035Z", "user": 1, "content_type": 1, "object_id": "7", "object_repr": "الجمعة", "action_flag": 1, "change_message": "[{\"added\": {}}]"}}, {"model": "admin.logentry", "pk": 8, "fields": {"action_time": "2022-04-16T09:20:39.408Z", "user": 1, "content_type": 10, "object_id": "1", "object_repr": "اضافة طالب للحلقة", "action_flag": 1, "change_message": "[{\"added\": {}}]"}}, {"model": "admin.logentry", "pk": 9, "fields": {"action_time": "2022-04-16T09:20:42.009Z", "user": 1, "content_type": 10, "object_id": "1", "object_repr": "اضافة طالب للحلقة", "action_flag": 2, "change_message": "[]"}}, {"model": "admin.logentry", "pk": 10, "fields": {"action_time": "2022-04-16T09:21:35.945Z", "user": 1, "content_type": 11, "object_id": "2", "object_repr": "try", "action_flag": 1, "change_message": "[{\"added\": {}}]"}}, {"model": "admin.logentry", "pk": 11, "fields": {"action_time": "2022-04-16T09:21:46.910Z", "user": 1, "content_type": 11, "object_id": "2", "object_repr": "try", "action_flag": 2, "change_message": "[{\"changed\": {\"fields\": [\"Groups\"]}}]"}}, {"model": "admin.logentry", "pk": 12, "fields": {"action_time": "2022-05-22T14:24:04.856Z", "user": 1, "content_type": 14, "object_id": "1", "object_repr": "تقرير حلقة اول محفظ غرفة عمر بن الخطاب يوم الاحد الساعة 00:00:00 بتاريخ 2022-05-22", "action_flag": 1, "change_message": "[{\"added\": {}}]"}}, {"model": "admin.logentry", "pk": 13, "fields": {"action_time": "2022-05-22T15:13:17.103Z", "user": 1, "content_type": 14, "object_id": "1", "object_repr": "تقرير حلقة اول محفظ غرفة عمر بن الخطاب يوم الاحد الساعة 00:00:00 بتاريخ 2022-05-21", "action_flag": 2, "change_message": "[{\"changed\": {\"fields\": [\"Session date\"]}}]"}}, {"model": "admin.logentry", "pk": 14, "fields": {"action_time": "2022-05-22T16:22:40.996Z", "user": 1, "content_type": 14, "object_id": "1", "object_repr": "تقرير حلقة اول محفظ غرفة None يوم الاربعاء الساعة 00:00:00 بتاريخ 2022-05-21", "action_flag": 2, "change_message": "[{\"changed\": {\"fields\": [\"Session\", \"Slug\"]}}]"}}, {"model": "admin.logentry", "pk": 15, "fields": {"action_time": "2022-05-22T16:23:06.430Z", "user": 1, "content_type": 14, "object_id": "1", "object_repr": "تقرير حلقة Abdalrahman Hossam Eldin Mohamed غرفة None يوم الخميس الساعة 00:00:00 بتاريخ 2022-05-21", "action_flag": 2, "change_message": "[{\"changed\": {\"fields\": [\"Session\"]}}]"}}, {"model": "admin.logentry", "pk": 16, "fields": {"action_time": "2022-05-22T16:24:08.687Z", "user": 1, "content_type": 14, "object_id": "1", "object_repr": "تقرير حلقة اول محفظ غرفة عمر بن الخطاب يوم الاحد الساعة 00:00:00 بتاريخ 2022-05-21", "action_flag": 2, "change_message": "[{\"changed\": {\"fields\": [\"Session\", \"Slug\"]}}]"}}, {"model": "auth.permission", "pk": 1, "fields": {"name": "Can add day", "content_type": 1, "codename": "add_day"}}, {"model": "auth.permission", "pk": 2, "fields": {"name": "Can change day", "content_type": 1, "codename": "change_day"}}, {"model": "auth.permission", "pk": 3, "fields": {"name": "Can delete day", "content_type": 1, "codename": "delete_day"}}, {"model": "auth.permission", "pk": 4, "fields": {"name": "Can view day", "content_type": 1, "codename": "view_day"}}, {"model": "auth.permission", "pk": 5, "fields": {"name": "Can add room", "content_type": 2, "codename": "add_room"}}, {"model": "auth.permission", "pk": 6, "fields": {"name": "Can change room", "content_type": 2, "codename": "change_room"}}, {"model": "auth.permission", "pk": 7, "fields": {"name": "Can delete room", "content_type": 2, "codename": "delete_room"}}, {"model": "auth.permission", "pk": 8, "fields": {"name": "Can view room", "content_type": 2, "codename": "view_room"}}, {"model": "auth.permission", "pk": 9, "fields": {"name": "Can add student", "content_type": 3, "codename": "add_student"}}, {"model": "auth.permission", "pk": 10, "fields": {"name": "Can change student", "content_type": 3, "codename": "change_student"}}, {"model": "auth.permission", "pk": 11, "fields": {"name": "Can delete student", "content_type": 3, "codename": "delete_student"}}, {"model": "auth.permission", "pk": 12, "fields": {"name": "Can view student", "content_type": 3, "codename": "view_student"}}, {"model": "auth.permission", "pk": 13, "fields": {"name": "Can add teacher", "content_type": 4, "codename": "add_teacher"}}, {"model": "auth.permission", "pk": 14, "fields": {"name": "Can change teacher", "content_type": 4, "codename": "change_teacher"}}, {"model": "auth.permission", "pk": 15, "fields": {"name": "Can delete teacher", "content_type": 4, "codename": "delete_teacher"}}, {"model": "auth.permission", "pk": 16, "fields": {"name": "Can view teacher", "content_type": 4, "codename": "view_teacher"}}, {"model": "auth.permission", "pk": 17, "fields": {"name": "Can add session", "content_type": 5, "codename": "add_session"}}, {"model": "auth.permission", "pk": 18, "fields": {"name": "Can change session", "content_type": 5, "codename": "change_session"}}, {"model": "auth.permission", "pk": 19, "fields": {"name": "Can delete session", "content_type": 5, "codename": "delete_session"}}, {"model": "auth.permission", "pk": 20, "fields": {"name": "Can view session", "content_type": 5, "codename": "view_session"}}, {"model": "auth.permission", "pk": 21, "fields": {"name": "Can add manager", "content_type": 6, "codename": "add_manager"}}, {"model": "auth.permission", "pk": 22, "fields": {"name": "Can change manager", "content_type": 6, "codename": "change_manager"}}, {"model": "auth.permission", "pk": 23, "fields": {"name": "Can delete manager", "content_type": 6, "codename": "delete_manager"}}, {"model": "auth.permission", "pk": 24, "fields": {"name": "Can view manager", "content_type": 6, "codename": "view_manager"}}, {"model": "auth.permission", "pk": 25, "fields": {"name": "Can add student sessions", "content_type": 7, "codename": "add_studentsessions"}}, {"model": "auth.permission", "pk": 26, "fields": {"name": "Can change student sessions", "content_type": 7, "codename": "change_studentsessions"}}, {"model": "auth.permission", "pk": 27, "fields": {"name": "Can delete student sessions", "content_type": 7, "codename": "delete_studentsessions"}}, {"model": "auth.permission", "pk": 28, "fields": {"name": "Can view student sessions", "content_type": 7, "codename": "view_studentsessions"}}, {"model": "auth.permission", "pk": 29, "fields": {"name": "Can add log entry", "content_type": 8, "codename": "add_logentry"}}, {"model": "auth.permission", "pk": 30, "fields": {"name": "Can change log entry", "content_type": 8, "codename": "change_logentry"}}, {"model": "auth.permission", "pk": 31, "fields": {"name": "Can delete log entry", "content_type": 8, "codename": "delete_logentry"}}, {"model": "auth.permission", "pk": 32, "fields": {"name": "Can view log entry", "content_type": 8, "codename": "view_logentry"}}, {"model": "auth.permission", "pk": 33, "fields": {"name": "Can add permission", "content_type": 9, "codename": "add_permission"}}, {"model": "auth.permission", "pk": 34, "fields": {"name": "Can change permission", "content_type": 9, "codename": "change_permission"}}, {"model": "auth.permission", "pk": 35, "fields": {"name": "Can delete permission", "content_type": 9, "codename": "delete_permission"}}, {"model": "auth.permission", "pk": 36, "fields": {"name": "Can view permission", "content_type": 9, "codename": "view_permission"}}, {"model": "auth.permission", "pk": 37, "fields": {"name": "Can add group", "content_type": 10, "codename": "add_group"}}, {"model": "auth.permission", "pk": 38, "fields": {"name": "Can change group", "content_type": 10, "codename": "change_group"}}, {"model": "auth.permission", "pk": 39, "fields": {"name": "Can delete group", "content_type": 10, "codename": "delete_group"}}, {"model": "auth.permission", "pk": 40, "fields": {"name": "Can view group", "content_type": 10, "codename": "view_group"}}, {"model": "auth.permission", "pk": 41, "fields": {"name": "Can add user", "content_type": 11, "codename": "add_user"}}, {"model": "auth.permission", "pk": 42, "fields": {"name": "Can change user", "content_type": 11, "codename": "change_user"}}, {"model": "auth.permission", "pk": 43, "fields": {"name": "Can delete user", "content_type": 11, "codename": "delete_user"}}, {"model": "auth.permission", "pk": 44, "fields": {"name": "Can view user", "content_type": 11, "codename": "view_user"}}, {"model": "auth.permission", "pk": 45, "fields": {"name": "Can add content type", "content_type": 12, "codename": "add_contenttype"}}, {"model": "auth.permission", "pk": 46, "fields": {"name": "Can change content type", "content_type": 12, "codename": "change_contenttype"}}, {"model": "auth.permission", "pk": 47, "fields": {"name": "Can delete content type", "content_type": 12, "codename": "delete_contenttype"}}, {"model": "auth.permission", "pk": 48, "fields": {"name": "Can view content type", "content_type": 12, "codename": "view_contenttype"}}, {"model": "auth.permission", "pk": 49, "fields": {"name": "Can add session", "content_type": 13, "codename": "add_session"}}, {"model": "auth.permission", "pk": 50, "fields": {"name": "Can change session", "content_type": 13, "codename": "change_session"}}, {"model": "auth.permission", "pk": 51, "fields": {"name": "Can delete session", "content_type": 13, "codename": "delete_session"}}, {"model": "auth.permission", "pk": 52, "fields": {"name": "Can view session", "content_type": 13, "codename": "view_session"}}, {"model": "auth.permission", "pk": 53, "fields": {"name": "Can add session reporter", "content_type": 14, "codename": "add_sessionreporter"}}, {"model": "auth.permission", "pk": 54, "fields": {"name": "Can change session reporter", "content_type": 14, "codename": "change_sessionreporter"}}, {"model": "auth.permission", "pk": 55, "fields": {"name": "Can delete session reporter", "content_type": 14, "codename": "delete_sessionreporter"}}, {"model": "auth.permission", "pk": 56, "fields": {"name": "Can view session reporter", "content_type": 14, "codename": "view_sessionreporter"}}, {"model": "auth.permission", "pk": 57, "fields": {"name": "Can add student reporter", "content_type": 15, "codename": "add_studentreporter"}}, {"model": "auth.permission", "pk": 58, "fields": {"name": "Can change student reporter", "content_type": 15, "codename": "change_studentreporter"}}, {"model": "auth.permission", "pk": 59, "fields": {"name": "Can delete student reporter", "content_type": 15, "codename": "delete_studentreporter"}}, {"model": "auth.permission", "pk": 60, "fields": {"name": "Can view student reporter", "content_type": 15, "codename": "view_studentreporter"}}, {"model": "auth.group", "pk": 1, "fields": {"name": "اضافة طالب للحلقة", "permissions": [9, 10, 11, 12, 25, 26, 27, 28]}}, {"model": "auth.user", "pk": 1, "fields": {"password": "argon2$argon2id$v=19$m=102400,t=2,p=8$V2NIZUVFSVgwSUZWaTNNejlMSFU3MQ$9mu2JUmbe7FNgwfxY5b0iuB+mh8TiV3s6p1iHm7M/KM", "last_login": "2022-05-21T10:53:13.126Z", "is_superuser": true, "username": "abdoo", "first_name": "", "last_name": "", "email": "", "is_staff": true, "is_active": true, "date_joined": "2022-04-05T21:21:05.753Z", "groups": [], "user_permissions": []}}, {"model": "auth.user", "pk": 2, "fields": {"password": "pbkdf2_sha256$320000$pWDIEpfo5RZpRRDRR3XYHu$ncIVpTtxp870eqnJw5IkASaFfdUYIqwnkuhQ0yK4Tvo=", "last_login": "2022-04-16T09:21:59.838Z", "is_superuser": false, "username": "try", "first_name": "", "last_name": "", "email": "", "is_staff": false, "is_active": true, "date_joined": "2022-04-16T09:21:35Z", "groups": [1], "user_permissions": []}}, {"model": "contenttypes.contenttype", "pk": 1, "fields": {"app_label": "app", "model": "day"}}, {"model": "contenttypes.contenttype", "pk": 2, "fields": {"app_label": "app", "model": "room"}}, {"model": "contenttypes.contenttype", "pk": 3, "fields": {"app_label": "app", "model": "student"}}, {"model": "contenttypes.contenttype", "pk": 4, "fields": {"app_label": "app", "model": "teacher"}}, {"model": "contenttypes.contenttype", "pk": 5, "fields": {"app_label": "app", "model": "session"}}, {"model": "contenttypes.contenttype", "pk": 6, "fields": {"app_label": "app", "model": "manager"}}, {"model": "contenttypes.contenttype", "pk": 7, "fields": {"app_label": "app", "model": "studentsessions"}}, {"model": "contenttypes.contenttype", "pk": 8, "fields": {"app_label": "admin", "model": "logentry"}}, {"model": "contenttypes.contenttype", "pk": 9, "fields": {"app_label": "auth", "model": "permission"}}, {"model": "contenttypes.contenttype", "pk": 10, "fields": {"app_label": "auth", "model": "group"}}, {"model": "contenttypes.contenttype", "pk": 11, "fields": {"app_label": "auth", "model": "user"}}, {"model": "contenttypes.contenttype", "pk": 12, "fields": {"app_label": "contenttypes", "model": "contenttype"}}, {"model": "contenttypes.contenttype", "pk": 13, "fields": {"app_label": "sessions", "model": "session"}}, {"model": "contenttypes.contenttype", "pk": 14, "fields": {"app_label": "reports", "model": "sessionreporter"}}, {"model": "contenttypes.contenttype", "pk": 15, "fields": {"app_label": "reports", "model": "studentreporter"}}, {"model": "sessions.session", "pk": "6sttmzq6l0g3g6baauez5jcm3mmpi1gx", "fields": {"session_data": ".eJxVjEEOwiAQRe_C2pCBoohL956hmWEGqRpISrsy3t2SdKHL_9_Le6sR1yWPa5N5nFhdlFGH348wPqV0wA8s96pjLcs8ke6K3mnTt8ryuu7uXyBjyz2LEYcg4INNwOlkthEcRHMk8owEbjOcT4EtojeQ3EAgZyMJxVnP6vMF8RI4eA:1nntYi:Jc4X1LpzDprJ-QdlOqpiPKE1wh_kgFUxApK3vJAjznQ", "expire_date": "2022-05-23T02:55:40.640Z"}}, {"model": "sessions.session", "pk": "9ndae08wi5l451g8alt6q6xpf7rlir9o", "fields": {"session_data": ".eJxVjM0OwiAQhN-FsyH8tNj16N1nILC7SNVAUtqT8d2lSQ96mmS-b-YtfNjW7LfGi59JXIQWp98uBnxy2QE9QrlXibWsyxzlrsiDNnmrxK_r4f4d5NByX4_WDiqxMiMwJzegBUxgSPOZ0WgHE5MyEZyayHURYkLNJvZQCZnE5wvo3Tj7:1nflFY:y7c7B0-ZhT9Tzh5hc7HiPVInLFDtrgh-g_75r-KAiNg", "expire_date": "2022-04-30T16:26:16.086Z"}}, {"model": "sessions.session", "pk": "brz1krv8f5dfa1238awtjn8urus9kwnt", "fields": {"session_data": ".eJxVjEEOwiAQRe_C2pCBoohL956hmWEGqRpISrsy3t2SdKHL_9_Le6sR1yWPa5N5nFhdlFGH348wPqV0wA8s96pjLcs8ke6K3mnTt8ryuu7uXyBjyz2LEYcg4INNwOlkthEcRHMk8owEbjOcT4EtojeQ3EAgZyMJxVnP6vMF8RI4eA:1nsMjR:d4D-pFo9KKL1DMhzlA3j-m7kwF7SSA51d_C1G1ZhHT8", "expire_date": "2022-06-04T10:53:13.139Z"}}, {"model": "sessions.session", "pk": "ee6t7oao3gfss56yv00aq8vqus67v6ex", "fields": {"session_data": ".eJxVjM0OwiAQhN-FsyH8tNj16N1nILC7SNVAUtqT8d2lSQ96mmS-b-YtfNjW7LfGi59JXIQWp98uBnxy2QE9QrlXibWsyxzlrsiDNnmrxK_r4f4d5NByX4_WDiqxMiMwJzegBUxgSPOZ0WgHE5MyEZyayHURYkLNJvZQCZnE5wvo3Tj7:1nflFK:3jjx4MyLz88Zsrbens-hyXEVVLsOjzFdrAnpQ7mlCGo", "expire_date": "2022-04-30T16:26:02.598Z"}}, {"model": "sessions.session", "pk": "k3nxwlukrkj9eqv2q4hld3kdzgfbpqgu", "fields": {"session_data": ".eJxVjM0OwiAQhN-FsyH8tNj16N1nILC7SNVAUtqT8d2lSQ96mmS-b-YtfNjW7LfGi59JXIQWp98uBnxy2QE9QrlXibWsyxzlrsiDNnmrxK_r4f4d5NByX4_WDiqxMiMwJzegBUxgSPOZ0WgHE5MyEZyayHURYkLNJvZQCZnE5wvo3Tj7:1nfQMq:8GH8cbp4Xhh3QQmmsDokRUguBozh-BOsxlKrdCX_YHg", "expire_date": "2022-04-29T18:08:24.884Z"}}, {"model": "sessions.session", "pk": "q3yyomyqehh2scr03ombiw3w4fftmabs", "fields": {"session_data": ".eJxVjM0OwiAQhN-FsyH8tNj16N1nILC7SNVAUtqT8d2lSQ96mmS-b-YtfNjW7LfGi59JXIQWp98uBnxy2QE9QrlXibWsyxzlrsiDNnmrxK_r4f4d5NByX4_WDiqxMiMwJzegBUxgSPOZ0WgHE5MyEZyayHURYkLNJvZQCZnE5wvo3Tj7:1ndwVe:eLIh9By5wWPeQ3dRitQRvqdrzwqt2GX1R13NR-Pw8kk", "expire_date": "2022-04-25T16:03:22.786Z"}}, {"model": "sessions.session", "pk": "y7o4xyadu65cj2retgswtftx19nxo2z4", "fields": {"session_data": ".eJxVjM0OwiAQhN-FsyH8tNj16N1nILC7SNVAUtqT8d2lSQ96mmS-b-YtfNjW7LfGi59JXIQWp98uBnxy2QE9QrlXibWsyxzlrsiDNnmrxK_r4f4d5NByX4_WDiqxMiMwJzegBUxgSPOZ0WgHE5MyEZyayHURYkLNJvZQCZnE5wvo3Tj7:1nbqcC:RF4POY8PMYYjStYMPdEuz01tEqUMgUrtlAPakTYMlMU", "expire_date": "2022-04-19T21:21:28.946Z"}}, {"model": "sessions.session", "pk": "z87pxwpyok989bfp7kkknbqr7r8un8zl", "fields": {"session_data": ".eJxVjM0OwiAQhN-FsyH8tNj16N1nILC7SNVAUtqT8d2lSQ96mmS-b-YtfNjW7LfGi59JXIQWp98uBnxy2QE9QrlXibWsyxzlrsiDNnmrxK_r4f4d5NByX4_WDiqxMiMwJzegBUxgSPOZ0WgHE5MyEZyayHURYkLNJvZQCZnE5wvo3Tj7:1ndwcp:Ef2M2LfqT6JclnWoz3DeGvN4SOSAgXU70l_gBh1wotU", "expire_date": "2022-04-25T16:10:47.576Z"}}, {"model": "sessions.session", "pk": "zarmod6izr9bv29dobgsyww9po3y9e3q", "fields": {"session_data": ".eJxVjM0OwiAQhN-FsyH8tNj16N1nILC7SNVAUtqT8d2lSQ96mmS-b-YtfNjW7LfGi59JXIQWp98uBnxy2QE9QrlXibWsyxzlrsiDNnmrxK_r4f4d5NByX4_WDiqxMiMwJzegBUxgSPOZ0WgHE5MyEZyayHURYkLNJvZQCZnE5wvo3Tj7:1nhAiS:aHKFLX9hIZURhGdExu91HQluRzkL5JNVxrvlulVXkX0", "expire_date": "2022-05-04T13:49:56.094Z"}}, {"model": "sessions.session", "pk": "zd3nz86h84wre5jug0s9b23zk92coiyt", "fields": {"session_data": ".eJxVjM0OwiAQhN-FsyH8tNj16N1nILC7SNVAUtqT8d2lSQ96mmS-b-YtfNjW7LfGi59JXIQWp98uBnxy2QE9QrlXibWsyxzlrsiDNnmrxK_r4f4d5NByX4_WDiqxMiMwJzegBUxgSPOZ0WgHE5MyEZyayHURYkLNJvZQCZnE5wvo3Tj7:1niIOf:56IW6I9cMg4X26G57FUcFrYh91IY7wQP7GYV69BUrB4", "expire_date": "2022-05-07T16:14:09.036Z"}}]